Datetime,Water Level (m)
2026-01-13 00:00:00,-0.30843538
2026-01-13 01:00:00,-0.16935083
2026-01-13 02:00:00,-0.074322954
2026-01-13 03:00:00,-0.07654689
2026-01-13 04:00:00,-0.19237447
2026-01-13 05:00:00,-0.3355838
2026-01-13 06:00:00,-0.4875779
2026-01-13 07:00:00,-0.6426359
2026-01-13 08:00:00,-0.79005903
2026-01-13 09:00:00,-0.9039271
2026-01-13 10:00:00,-0.91603106
2026-01-13 11:00:00,-0.7487435
2026-01-13 12:00:00,-0.53539217
2026-01-13 13:00:00,-0.28899682
2026-01-13 14:00:00,-0.043578327
2026-01-13 15:00:00,0.14550446
2026-01-13 16:00:00,0.21541499
2026-01-13 17:00:00,0.12530291
2026-01-13 18:00:00,-0.02949661
2026-01-13 19:00:00,-0.19180982
2026-01-13 20:00:00,-0.35291258
2026-01-13 21:00:00,-0.50366336
2026-01-13 22:00:00,-0.6292395
2026-01-13 23:00:00,-0.6965287
2026-01-14 00:00:00,-0.6136935
2026-01-14 01:00:00,-0.4469168
2026-01-14 02:00:00,-0.27436203
2026-01-14 03:00:00,-0.1307836
2026-01-14 04:00:00,-0.06948156
2026-01-14 05:00:00,-0.14637448
2026-01-14 06:00:00,-0.29081827
2026-01-14 07:00:00,-0.44539002
2026-01-14 08:00:00,-0.6003564
2026-01-14 09:00:00,-0.75138927
2026-01-14 10:00:00,-0.8790186
2026-01-14 11:00:00,-0.92952186
2026-01-14 12:00:00,-0.7818338
2026-01-14 13:00:00,-0.56222385
2026-01-14 14:00:00,-0.29405364
2026-01-14 15:00:00,-0.014491436
2026-01-14 16:00:00,0.22550981
2026-01-14 17:00:00,0.33970994
2026-01-14 18:00:00,0.26616514
2026-01-14 19:00:00,0.08492646
2026-01-14 20:00:00,-0.10409338
2026-01-14 21:00:00,-0.29371664
2026-01-14 22:00:00,-0.47534963
2026-01-14 23:00:00,-0.633551
2026-01-15 00:00:00,-0.7460319
2026-01-15 01:00:00,-0.72887844
2026-01-15 02:00:00,-0.5502841
2026-01-15 03:00:00,-0.34718236
2026-01-15 04:00:00,-0.15646078
2026-01-15 05:00:00,-0.034788527
2026-01-15 06:00:00,-0.0581139
2026-01-15 07:00:00,-0.21674927
2026-01-15 08:00:00,-0.39546794
2026-01-15 09:00:00,-0.577791
2026-01-15 10:00:00,-0.75460833
2026-01-15 11:00:00,-0.9062589
2026-01-15 12:00:00,-0.9829105
2026-01-15 13:00:00,-0.8315078
2026-01-15 14:00:00,-0.5921347
2026-01-15 15:00:00,-0.2968589
2026-01-15 16:00:00,0.010499398
2026-01-15 17:00:00,0.290256
2026-01-15 18:00:00,0.43202808
2026-01-15 19:00:00,0.3475146
2026-01-15 20:00:00,0.1315293
2026-01-15 21:00:00,-0.085417636
2026-01-15 22:00:00,-0.30371696
2026-01-15 23:00:00,-0.5122973
2026-01-16 00:00:00,-0.6996581
2026-01-16 01:00:00,-0.8362074
2026-01-16 02:00:00,-0.8058507
2026-01-16 03:00:00,-0.5861916
2026-01-16 04:00:00,-0.34434238
2026-01-16 05:00:00,-0.11279127
2026-01-16 06:00:00,0.030801423
2026-01-16 07:00:00,0.011289205
2026-01-16 08:00:00,-0.18136506
2026-01-16 09:00:00,-0.383488
2026-01-16 10:00:00,-0.5843216
2026-01-16 11:00:00,-0.7779717
2026-01-16 12:00:00,-0.9432717
2026-01-16 13:00:00,-1.0202811
2026-01-16 14:00:00,-0.83843017
2026-01-16 15:00:00,-0.57450044
2026-01-16 16:00:00,-0.2467451
2026-01-16 17:00:00,0.09075018
2026-01-16 18:00:00,0.40733582
2026-01-16 19:00:00,0.545631
2026-01-16 20:00:00,0.4009899
2026-01-16 21:00:00,0.1551237
2026-01-16 22:00:00,-0.087857656
2026-01-16 23:00:00,-0.32765782
2026-01-17 00:00:00,-0.5554283
2026-01-17 01:00:00,-0.7603566
2026-01-17 02:00:00,-0.90191656
2026-01-17 03:00:00,-0.7988506
2026-01-17 04:00:00,-0.5453206
2026-01-17 05:00:00,-0.26251835
2026-01-17 06:00:00,-0.0025622225
2026-01-17 07:00:00,0.15876152
2026-01-17 08:00:00,0.064452894
2026-01-17 09:00:00,-0.15994377
2026-01-17 10:00:00,-0.3813819
2026-01-17 11:00:00,-0.5972262
2026-01-17 12:00:00,-0.8036615
2026-01-17 13:00:00,-0.97193533
2026-01-17 14:00:00,-1.0203873
2026-01-17 15:00:00,-0.7853529
2026-01-17 16:00:00,-0.4869534
2026-01-17 17:00:00,-0.121100105
2026-01-17 18:00:00,0.26815504
2026-01-17 19:00:00,0.5643042
2026-01-17 20:00:00,0.6194657
2026-01-17 21:00:00,0.3998374
2026-01-17 22:00:00,0.13602212
2026-01-17 23:00:00,-0.12355178
2026-01-18 00:00:00,-0.37989157
2026-01-18 01:00:00,-0.62022215
2026-01-18 02:00:00,-0.82943237
2026-01-18 03:00:00,-0.9236373
2026-01-18 04:00:00,-0.6983469
2026-01-18 05:00:00,-0.41091913
2026-01-18 06:00:00,-0.08822639
2026-01-18 07:00:00,0.19301683
2026-01-18 08:00:00,0.284507
2026-01-18 09:00:00,0.08292711
2026-01-18 10:00:00,-0.15992181
2026-01-18 11:00:00,-0.39815372
2026-01-18 12:00:00,-0.6274368
2026-01-18 13:00:00,-0.8406501
2026-01-18 14:00:00,-1.0096701
2026-01-18 15:00:00,-0.96241313
2026-01-18 16:00:00,-0.68366826
2026-01-18 17:00:00,-0.33845237
2026-01-18 18:00:00,0.057418235
2026-01-18 19:00:00,0.47192684
2026-01-18 20:00:00,0.69606966
2026-01-18 21:00:00,0.62197185
2026-01-18 22:00:00,0.34619826
2026-01-18 23:00:00,0.06833014
2026-01-19 00:00:00,-0.2027204
